abbreviation,expansion
ABBOTSFD,Abbotsford
ABR,Abrasive
ABRS,Abrasive
ABRSV,Abrasive
AC,Alternating-Current
ACC,Accessory
ACCY,Accessory
ACDC,AC-DC
ACFT,Aircraft
ACIDBASIC,Acid-Base
ACRS,A-Coarse
ACRY,Acrylic
ACS,American-Chemical-Society
ACSR,Aluminum-Conductor-Steel-Reinforced
ADAP,Adapter
ADAPTE,Adapter
ADAPTORS,Adapters
ADAPTR,Adapter
ADF,Auto-Darkening-Filter
ADH,Adhesive
ADHES,Adhesive
ADHESIV,Adhesive
ADHS,Adhesive
ADHSV,Adhesive
ADJ,Adjustable
ADP,Adapter
ADPT,Adapter
ADPTR,Adapter
ADV,Advanced
AED,Automated-External-Defibrillator
AFAS,Anti-Fog-Anti-Scratch
AFIN,A-Fine
AIRBRAKE,Air-Brake
AIRBRK,Air-Brake
AIRSAW,Air-Saw
AIRWATER,Air-Water
AIRWTR,Air-Water
ALC,Alcohol
ALCU,Aluminum-Copper
ALLPURPOSE,All-Purpose
ALMNZD,Aluminized
ALOX,Aluminum-Oxide
ALRIG,Aluminum-Rigid
ALU,Aluminum
ALUMIN,Aluminum
ALUMINU,Aluminum
ALUMN,Aluminum
ALUMNM,Aluminum
ALUMSTEEL,Aluminum-Steel
AMBI,Ambidextrous
AMBIDEX,Ambidextrous
AMBWHT,Amber-White
AMP,Ampere
AMPS,Amperes
ANC,Anchor
ANCH,Anchor
ANG,Angle
ANGL,Angle
ANK,Ankle
ANKL,Ankle
ANSIISO,ANSI-ISO
ANTIBAC,Antibacterial
ANTIFOG,Anti-Fog
ANTIIMP,Anti-Impact
ANTIIMPACT,Anti-Impact
ANTIMAG,Anti-Magnetic
ANTISCRATCH,Anti-Scratch
ANTISPATTER,Anti-Spatter
ANTISTAT,Anti-Static
ANTISTATIC,Anti-Static
ANTIVIB,Anti-Vibration
ANTIVIBE,Anti-Vibration
AOX,Aluminum-Oxide
APP,Application
APPL,Applicator
APWA,American-Public-Works-Association
AQL,Acceptable-Quality-Level
ARBO,Arbor
ARCFR,Arc-Flash---Flame-Resistant
ARCFT,Aircraft
ARFR,Arc-Flash---Flame-Resistant
ARMLEG,Arm-Leg
ARND,Around
ASAF,Anti-Scratch-Anti-Fog
ASM,Assembly
ASSEM,Assembly
ASSEMB,Assembly
ASSEMBL,Assembly
ASSM,Assembly
ASSMBLY,Assembly
ASST,Assorted
ASSY,Assembly
ASY,Assembly
ATG,Adhesive-Transfer-Gun
ATPV,Arc-Thermal-Performance-Value
ATR,All-Thread-Rod
ATT,Attached
ATTCH,Attachment
ATV,All-Terrain-Vehicle
AUG,Auger
AUGR,Auger
AUTH,Authorized
AUTHRZD,Authorized
AUX,Auxiliary
AV,Anti-Vibration
AVFN,A-Very-Fine
AWG,American-Wire-Gauge
AWGT,A-Weight
AWT,A-Weight
BACKPK,Backpack
BALLDRIVER,Ball-Driver
BALLNOSE,Ball-Nose
BARBLOK,Barb-Lok
BARCODED,Bar-Coded
BARL,Barrel
BARRL,Barrel
BARTYPE,Bar-Type
BASEADH,Base-Adhesive
BASELAYER,Base-Layer
BATTS,Batteries
BCK,Back
BDL,Bundle
BDY,Body
BFLUTE,B-Flute
BGBX,Bags-per-Box
BGGED,Bagged
BHC,Button-Head-Cap
BILING,Bilingual
BIMATERIAL,Bi-Material
BIMET,Bi-Metal
BIMETALLIC,Bi-Metallic
BIMOLD,Bi-Mold
BIMTL,Bi-Metal
BIPIN,Bi-Pin
BIPOLY,Bi-Polymer
BITHOLDER,Bit-Holder
BITINSERT,Bit-Insert
BKD,Back-D-ring
BKGY,Black-Gray
BKL,Buckle
BKWH,Black-White
BKWHT,Black-White
BKWT,Black-White
BLACKGOLD,Black-and-Gold
BLACKWHITE,Black-White
BLACKYELLOW,Black-Yellow
BLANKDSCIN,Blank-Disc-Inch
BLAZ,Blaze
BLCK,Black
BLD,Blade
BLDE,Blade
BLDS,Blades
BLEN,Blend
BLK,Black
BLKBLK,Black-Black
BLKBLU,Black-Blue
BLKBRN,Black-Brown
BLKBRT,Black-and-Bright
BLKBRZ,Black-and-Bronze
BLKCLR,Black-Clear
BLKGLD,Black-and-Gold
BLKGOLD,Black-and-Gold
BLKGRN,Black-Green
BLKHAWK,Blackhawk
BLKJACK,Blackjack
BLKO,Black-Oxide
BLKORG,Black-Orange
BLKORN,Black-Orange
BLKOX,Black-Oxide
BLKRED,Black-Red
BLKREDWHT,Black-Red-White
BLKSLV,Black-Silver
BLKTAN,Black-Tan
BLKWHT,Black-White
BLKYEL,Black-Yellow
BLKYLW,Black-Yellow
BLN,Blank
BLND,Blend---Blended
BLNK,Blank
BLOGUN,Blow-Gun
BLOX,Black-Oxide
BLSTR,Blister
BLU,Blue
BLUGLD,Blue-Gold
BLUGRY,Blue-Gray
BLUKR,Blukrome
BLUTOOTH,Bluetooth
BLUWHT,Blue-White
BLUYLW,Blue-Yellow
BMTL,Bi-Metal
BNF,Breathable-Nitrile-Foam
BOMBR,Bomber
BOTM,Bottom---Bottoming
BOTTL,Bottle
BOXE,Boxed
BOXINT,Box-Interior
BRAI,Braid---Braided
BRCKT,Bracket
BRG,Bearing
BRGHT,Bright
BRGS,Bearings
BRIST,Bristle
BRKR,Breaker
BRKT,Bracket
BRKWY,Breakaway
BRL,Barrel
BRNCREPE,Brown-Crepe
BRNZ,Bronze
BROWNDUCK,Brown-Duck
BRRL,Barrel
BRSH,Brush
BRT,Bright
BRWN,Brown
BRZ,Bronze
BSC,Basic
BSHG,Bushing
BSHNG,Bushing
BSP,British-Standard-Pipe
BSPP,British-Standard-Pipe-Parallel
BSPT,British-Standard-Pipe-Taper
BTCT,Boot-Cut
BTL,Bottle
BTM,Bottom
BTN,Button
BTTM,Bottom---Bottoming
BTTN,Button
BTTRY,Battery
BTU,British-Thermal-Unit
BUILTIN,Built-In
BUL,Bullet---Bulk
BULKPK,Bulk-Pack
BUNAN,Buna-N
BURS,Burrs
BUSHIN,Bushing
BUTFRNT,Button-Front
BUTTDOWN,Button-Down
BUTTGLENGUARD,Button-GlenGuard
BUTTHD,Button-Head
BUTTHEAD,Button-Head
BUTTUP,Button-Up
BV,Ball-Valve
CABL,Cable
CAMO,Camouflage
CAPMOUNT,Cap-Mount
CAPOFF,Cap-Off
CAPPLUG,Cap-Plug
CARAB,Carabiner
CARB,Carbide
CARBID,Carbide
CARBIDETIP,Carbide-Tipped
CARBONKEVLAR,Carbon-Kevlar
CARTRD,Cartridge
CARTRIDG,Cartridge
CASEHARDENED,Case-Hardened
CATAMNT,Catamount
CAUT,Caution
CAUTN,Caution
CBALT,Cobalt
CBD,Carbide
CBL,Cable
CBLE,Cable
CBLT,Cobalt
CBN,Cubic-Boron-Nitride
CBORE,Counterbore
CBR,Circuit-Breaker
CBRN,"Chemical,-Biological,-Radiological,-Nuclear"
CBTRN,Cubitron
CCLAMP,C-Clamp
CCLAMPXHD,C-Clamp-Extra-Heavy-Duty
CCLMP,C-Clamp
CDN,Canadian
CENTERPULL,Center-Pull
CER,Ceramic
CERT,Certificate---Certified
CERTS,Certificates
CFC,Chlorofluorocarbon
CFIA,Canadian-Food-Inspection-Agency
CFL,Compact-Fluorescent-Lamp
CFM,Cubic-Feet-per-Minute
CFOLD,C-Fold
CFT,Comfort
CFTBORE,Counterbore
CFTSINK,Countersink
CGA,Compressed-Gas-Association
CHAMF,Chamfer
CHEM,Chemical
CHEMICA,Chemical
CHEMO,Chemotherapy
CHG,Change
CHINSTRAP,Chin-Strap
CHN,Chain
CHNG,Change
CHNNL,Channel
CHNSAW,Chainsaw
CHOPSAW,Chop-Saw
CHRGR,Charger
CHRM,Chrome
CHRT,Carhartt
CHSL,Chisel
CHST,Chest
CI,Cast-Iron
CIRCUI,Circuit
CLAS,Class
CLD,Cold
CLEANE,Cleaner
CLEMA,Clemax
CLICKTYPE,Click-Type
CLIPON,Clip-On
CLMP,Clamp
CLNR,Cleaner
CLNT,Coolant
CLO,Cloth
CLOS,Closure
CLOTHDUCT,Cloth-Duct
CLRCLR,Clear-Clear
CLS,Class
CLSR,Closure
CLSS,Class
CLTH,Cloth
CMB,Combination
CMBNATN,Combination
CMBNTN,Combination
CMBT,Combat
CMF,Comfort
CMFRT,Comfort
CMFT,Comfort
CMPCT,Compact
CMPL,Complete
CMPND,Compound
CMPRSR,Compressor
CMPRSSN,Compression
CNC,Computer-Numerical-Control
CND,Conduit
CNDT,Conduit
CNNCT,Connect
CNNCTR,Connector
CNTRL,Control
CNTRSNK,Countersink
CNVS,Canvas
CO,Cobalt
COLDWORK,Cold-Work
COMBI,Combination
COMBNTN,Combination
COMF,Comfort
COMFRT,Comfort
COMFT,Comfort
COMPAC,Compact
COMPAT,Compatible
COMPR,Compression
COMPRSLEEVE,Compression-Sleeve
CONDCTV,Conductive
CONDULET,Conduit-Body
CONF,Confined---Conforming
CONFIG,Configuration
CONNCTR,Connector
CONNEC,Connector
CONNECTO,Connector
CONSTR,Construction
CONSTRUCTI,Construction
CONSTRUCTIO,Construction
CONTRCT,Contractor
CONTRL,Control
CONV,Conventional---Convoluted
COOLNT,Coolant
COROCH,Corochuck
CORR,Corrugated
CORRUG,Corrugated
COTNYL,Cotton-Nylon
COTPOLY,Cotton-Poly
COTT,Cotton
COTTBLK,Cotton-Black
COTTBLU,Cotton-Blue
COTTDUCK,Cotton-Duck
COTTFR,Cotton-FR
COTTHIVIZ,Cotton-Hi-Viz
COTTINS,Cotton-Insulated
COTTN,Cotton
COTTNAVY,Cotton-Navy
COTTNV,Cotton-Navy
COTTONPOLY,Cotton-Poly
COTTONPOLYESTER,Cotton-Polyester
COTTONPRO,Cotton-Pro
COTTORG,Cotton-Orange
COTTREF,Cotton-Reflective
COTTREFL,Cotton-Reflective
COTTS,Cotton
COTTZIP,Cotton-Zip
COUPLIN,Coupling
COV,Cover
COVERAL,Coverall
COVERALLNAVY,Coverall-Navy
COVERTECSOCKET,Covertec-Socket
COVRLL,Coverall
COWHD,Cowhide
CPF,Chemical-Protective-Fabric
CPL,Coupling
CPLD,Coupled
CPLG,Coupling
CPLGS,Couplings
CPLR,Coupler
CPPR,Copper
CPRSN,Compression
CPVC,Chlorinated-Polyvinyl-Chloride
CPWL,Cut-and-Polish-Wheel
CRB,Carbide
CRBD,Carbide
CRBN,Carbon
CRD,Corded
CRDCBL,Cord-Cable
CRDLS,Cordless
CREWNECK,Crew-Neck
CRFT,Crowfoot
CRGATED,Corrugated
CRHI,Crouse-Hinds
CRIMPSHRINK,Crimp-Shrink
CRING,C-Ring
CRM,Crimped
CRMP,Crimped
CRN,Crown
CROWFT,Crowfoot
CROWS,Crowfoot
CRSOVR,Crossover
CRST,Coarse
CRT,Cartridge
CRV,Curved
CRW,Crew
CRWFT,Crowfoot
CSCRW,Cap-Screw
CSHN,Cushion
CSINK,Countersink
CSK,Countersink
CST,Cast
CSTM,Custom
CTCPESR,Composite-Toe-Composite-Plate-ESR
CTD,Coated
CTHS,Carbide-Tipped-Hole-Saw
CTN,Carton
CTRL,Control
CTSK,Countersink
CTTN,Cotton
CU,Copper
CUBTRN,Cubitron
CUFT,Cubic-Feet
CURV,Curved
CUS,Custom
CUST,Custom
CUSTDBRL,Copper-Standard-Barrel
CUTEND,Cut-End
CUTGRIND,Cut-and-Grind
CUTPOLISH,Cut-and-Polish
CUTRESIST,Cut-Resistant
CUTRESISTANT,Cut-Resistant
CUTT,Cutter---Cutting
CUTTE,Cutter
CV,Cover
CVALL,Coverall
CVD,Chemical-Vapor-Deposition
CVR,Cover
CVRALL,Coverall
CVRD,Covered
CVRGRID,Cover-Grid
CVRL,Coverall
CVRLL,Coverall
CXC,Copper-x-Copper
CYL,Cylinder
CYLIND,Cylinder
CYLNDR,Cylinder
DAMPE,Dampened
DATALOGGING,Data-Logging
DBISALA,DBI-Sala
DBL,Double
DBLACT,Double-Acting
DBLCUT,Double-Cut
DBLE,Double
DBLHD,Double-Head
DCCC,DC-Copper-Coated
DEADBLOW,Dead-Blow
DEBUR,Deburring
DEBURR,Deburring
DEC,Decora
DECI,Decimal
DECO,Decora
DEEPCUT,Deep-Cut
DEERSKN,Deerskin
DELUX,Deluxe
DEPR,Depressed
DEPRESSD,Depressed
DES,Descent---Descender
DET,Detent
DETEC,Detectable
DEXT,Dexterity
DGR,Danger
DHANDLE,D-Handle
DHNDL,D-Handle
DIA,Diameter
DIAG,Diagonal
DIAMON,Diamond
DIAMPLATE,Diamond-Plate
DIAPLT,Diamond-Plate
DIAX,Diameter-x
DIECAST,Die-Cast
DIEHEAD,Die-Head
DIGI,Digital
DIOXID,Dioxide
DIR,Direction---Directional
DISCNNCT,Disconnect
DISCON,Disconnect
DISCONN,Disconnect
DISCONNEC,Disconnect
DISCSBOX,Discs-per-Box
DISINF,Disinfectant
DISP,Disposable
DISPO,Disposable
DISPOS,Disposable
DISPOSABL,Disposable
DIST,Distribution
DIX,Dixon
DK,Dark
DKENING,Darkening
DKNVY,Dark-Navy
DLLCK,Dual-Lock
DLUXE,Deluxe
DLX,Deluxe
DMM,Digital-Multimeter
DMSTC,Domestic
DNGR,Danger
DOORBODY,Door-Body
DOUBLEENDED,Double-Ended
DPDT,Double-Pole-Double-Throw
DPLX,Duplex
DPST,Double-Pole-Single-Throw
DRALHT,DuraLight
DRIL,Drill
DRILLBIT,Drill-Bit
DRILLDRIVER,Drill-Driver
DRILLIMPACT,Drill-Impact
DRILLLH,Drill-Left-Hand
DRIN,D-Ring
DRING,D-Ring
DRINGS,D-Rings
DRIV,Drive---Driver
DRIVEIN,Drive-In
DRIVR,Driver
DRK,Dark
DRL,Drill
DRLL,Drill
DRLLS,Drills
DRLT,DuraLight
DRLTELLA,DuraLight-Ella
DRM,Drum
DRN,Drain
DRNG,D-Ring
DRR,Driver
DRS,Dress
DRSTR,DuraStretch
DRSTRCH,DuraStretch
DRV,Drive
DRVN,Driven
DRVR,Driver
DRVRS,Drivers
DRW,Drawer
DRWS,Drawers
DRX,Drive
DRYERASE,Dry-Erase
DSC,Disc
DSECT,D-Section
DSL,Diesel
DTM,Direct-To-Metal
DTY,Duty
DUALELEMENT,Dual-Element
DUBLBARB,Double-Barb
DW,DeWalt
DWG,Drawing
DWMT,DeWalt-Mechanics-Tools
DWNCUT,Down-Cut
DWR,Drawer
DYN,Dynamic
DYNFILE,Dynafile
DZ,Dozen
ECON,Economy
ECONO,Economy
ECT,Edge-Crush-Test
EDG,Edge
EDM,Electrical-Discharge-Machining
EE,Eye-and-Eye
EFF,Efficiency
EHD,Extra-Heavy-Duty
EIPS,Extra-Improved-Plow-Steel
ELAS,Elastic
ELAST,Elastic
ELEC,Electrical
ELEM,Element
ELIMIN,Eliminator
ELKSPLIT,Elk-Split
ELMNT,Element
ELST,Elastic
ELSTC,Elastic
EMB,Embossed
EMER,Emergency
EMERG,Emergency
EMT,Electrical-Metallic-Tubing
ENBRIDG,Enbridge
ENC,Enclosure
ENCAP,Encapsulated
ENCAPS,Encapsulated
ENCL,Enclosure
ENDLS,Endless
ENDMIL,End-Mill
ENDUR,Endura
ENGR,Engineer---Engineering
ENH,Enhanced
ENTR,Entrance---Entry
ENTRNC,Entrance
ENVI,Environment
ENVIRO,Environmental
EPA,Environmental-Protection-Agency
EPX,Epoxy
EPXY,Epoxy
ERGO,Ergonomic
ERGOFOLD,Ergo-Fold
ESD,Electrostatic-Discharge
ESDSAFE,ESD-Safe
ESR,Electric-Shock-Resistant
ETHERNETIP,EtherNet-IP
ETORX,External-Torx
EVAP,Evaporative
EVO,Evolution
EWA,Elastic-Wrist-and-Ankle
EWRST,Elastic-Wrist
EXC,Excel
EXCELFR,Excel-FR
EXEC,Executive
EXH,Exhaust
EXLG,Extra-Long
EXLONG,Extra-Long
EXLXP,EXL-XP
EXP,Expansion
EXPDEFL,Expansion-Deflection
EXTED,Extended
EXTEN,Extension
EXTINT,External-Internal
EXTNSION,Extension
EXTRALONG,Extra-Long
EXTRCTR,Extractor
EXTREM,Extreme
EYEBLT,Eye-Bolt
EYEEYE,Eye-and-Eye
EYEFACE,Eye-Face
EYEW,Eyewear
FAB,Fabricated
FACEMILL,Face-Mill
FACEPC,Facepiece
FACESEAL,Face-Seal
FAL,Fall
FALUM,For-Aluminum
FAS,Fastener
FASTACTING,Fast-Acting
FASTN,Fastener
FASTRA,FasTrac
FBGLS,Fiberglass
FBR,Fiber
FBRGLS,Fiberglass
FBRGLSS,Fiberglass
FBRM,Full-Brim
FCE,Face
FCLAMP,F-Clamp
FCOAT,Full-Coat
FCPC,Facepiece
FCSHLD,Face-Shield
FDA,Food-and-Drug-Administration
FEM,Female
FEMFEM,Female-x-Female
FEMMALE,Female-x-Male
FEP,Fluorinated-Ethylene-Propylene
FG,Fiberglass
FGED,Forged
FGR,Finger
FGRAIN,Full-Grain
FHC,Flat-Head-Cap
FHOSE,Female-Hose
FHP,Fractional-Horsepower
FHSCS,Flat-Head-Socket-Cap-Screw
FIBR,Fiber
FILT,Filter
FILTE,Filter
FILTERREG,Filter-Regulator
FING,Finger
FINGERCOT,Finger-Cot
FINISHD,Finishing
FITT,Fitting
FITTIN,Fitting
FJIC,Female-JIC
FJICMJIC,Female-JIC-x-Male-JIC
FLANG,Flange
FLAPWHEEL,Flap-Wheel
FLARENUT,Flare-Nut
FLATWASHER,Flat-Washer
FLATWIST,Flat-Twist
FLC,Fleece
FLCE,Fleece
FLEMMISHED,Flemish
FLEXHEADOPEN,Flex-Head-Open
FLEXTENSION,Flex-Extension
FLG,Flange---Flanged
FLIPUP,Flip-Up
FLK,Flock
FLL,Full
FLNG,Flange
FLNKDRSKT,Flank-Drive-Socket
FLNT,Flint
FLOCKLINED,Flock-Lined
FLOZ,Fluid-Ounce
FLP,Flap
FLS,Fluorescent
FLT,Flute
FLTBK,Flatback
FLTR,Filter
FLUT,Flute
FLX,Flex
FLXBL,Flexible
FLXHD,Flex-Head
FM,Female
FMAL,Female
FMALE,Female
FMC,Flexible-Metal-Conduit
FMED,Formed
FML,Female
FN,Fine
FNGR,Finger
FNGRLS,Fingerless
FNGRLSS,Fingerless
FNGRTP,Fingertip
FNPT,Female-National-Pipe-Thread
FNPTSW,Female-NPT-Swivel
FNSH,Finish
FNSIT,Finesse-it
FNST,Female-NST
FOA,Foam
FOLDOVER,Fold-Over
FOLDUP,Fold-Up
FOODSERV,Food-Service
FOODSERVICE,Food-Service
FOOTSWITCH,Foot-Switch
FORG,Forged
FPIPE,Female-Pipe
FPIPENPSM,Female-Pipe-to-NPSM
FPT,Female-Pipe-Thread
FR,Flame-Resistant
FRAC,Fractional
FRACT,Fractional
FRARC,Flame-Resistant---Arc-Rated
FRC,Force
FRCE,Force
FRENG,French-English
FRICT,Friction
FRM,Frame
FRMR,Framer
FRNT,Front
FRONTEWA,"Front,-Elastic-Wrist-and-Ankle"
FRT,Front
FRTECHARC,FR-Tech-Arc
FSFD,FS-FD
FT,Foot---Feet
FTG,Fitting
FTGS,Fittings
FTGXC,Fitting-x-Copper
FTHRLT,Featherlight
FTLB,Foot-Pound
FTLBS,Foot-Pounds
FUELWATER,Fuel-Water
FUL,Full
FULLBODY,Full-Body
FULLBRIM,Full-Brim
FULLFLOW,Full-Flow
FULLGRAIN,Full-Grain
FW,Flat-Washer
FXD,Fixed
FXF,Female-x-Female
FXM,Female-x-Male
GALV,Galvanized
GASK,Gasket
GAUG,Gauge
GENL,General
GFCI,Ground-Fault-Circuit-Interrupter
GFI,Ground-Fault-Interrupter
GHS,Globally-Harmonized-System
GJ,Ground-Joint
GLASSE,Glasses
GLBL,Global
GLBMRK,GlobalMark
GLOV,Glove
GLOWINTHEDARK,Glow-in-the-Dark
GLS,Glass
GLVE,Glove
GLVS,Gloves
GMI,Galvanized-Malleable-Iron
GMK,GlobalMark
GND,Ground
GOATSKN,Goatskin
GP,General-Purpose
GPM,Gallons-Per-Minute
GRADS,Graduations
GRAINGOAT,Grain-Goat
GRAINSPLIT,Grain-Split
GRN,Green
GRNBLK,Green-Black
GRNDR,Grinder
GRNWHT,Green-White
GRP,Grip
GRS,Grease
GRV,Groove
GRVTHRD,Groove-Thread
GRYBLK,Gray-Black
GRYWHT,Gray-White
GSKT,Gasket
GTD,Ground-Thread
GTSKN,Goatskin
GUNMET,Gunmetal
HALFFINGER,Half-Finger
HAMMERDRILL,Hammer-Drill
HANDI,Handy
HANDL,Handle
HANDLAMP,Hand-Lamp
HANDMACH,Hand-Machine
HANGON,Hang-On
HARDCAP,Hard-Cap
HARDCOAT,Hard-Coat
HARDHAT,Hard-Hat
HARDWOUND,Hard-Wound
HAZ,Hazardous
HBARB,Hose-Barb
HCL,Hydrogen-Chloride---Hydrochloric
HCN,Hydrogen-Cyanide
HCS,Hex-Cap-Screw
HDBT,Hood-and-Boot
HDG,Hot-Dip-Galvanized
HDJL,Heavy-Duty-Jobber-Length
HDL,Handle
HDLE,Handle
HDPE,High-Density-Polyethylene
HEATSHR,Heat-Shrink
HEATSHRINK,Heat-Shrink
HELI,Helical
HENLY,Henley
HEPA,High-Efficiency-Particulate-Air
HEXBIT,Hex-Bit
HEXKEY,Hex-Key
HEXL,Hex-L
HEXNUT,Hex-Nut
HFRAME,H-Frame
HGR,Hanger
HHCS,Hex-Head-Cap-Screw
HICAP,High-Capacity
HICARB,High-Carbon
HICARBON,High-Carbon
HID,High-Intensity-Discharge
HIDXFJICSW,Hose-ID-x-Female-JIC-Swivel
HIDXFORFS,Hose-ID-x-Female-O-Ring-Face-Seal
HIDXMPT,Hose-ID-x-MPT
HIDXORB,Hose-ID-x-O-Ring-Boss
HIGHTEST,High-Test
HIHEAT,High-Heat
HIHLX,High-Helix
HILEV,High-Leverage
HILIGHTER,Highlighter
HIPERF,High-Performance
HIPERFORMANCE,High-Performance
HIPRESSURE,High-Pressure
HISPIRAL,High-Spiral
HISTRENGTH,High-Strength
HITEMP,High-Temperature
HITOP,High-Top
HIVISIBILITY,High-Visibility
HKIT,Hookit
HLD,Hold---Holder
HLDR,Holder
HLF,Half
HLL,Horizontal-Lifeline
HLMT,Helmet
HLUBE,Hardlube
HLX,Helix
HMIS,Hazardous-Materials-Identification-System
HND,Hand
HNDL,Handle
HNDLE,Handle
HNDMRK,HandiMark
HOODBOOT,Hood-and-Boot
HOOKEYE,Hook-and-Eye
HOOKITFILM,Hookit-Film
HOOKLOOP,Hook-and-Loop
HOOKT,Hookit
HOR,Horizontal
HORIZ,Horizontal
HORZ,Horizontal
HOSP,Hospital
HOTCOLD,Hot-Cold
HPPE,High-Performance-Polyethylene
HPS,High-Pressure-Sodium
HRD,Hard---Hardened
HRDWR,Hardware
HS,High-Speed
HSCO,High-Speed-Cobalt
HSG,Housing
HSS,High-Speed-Steel
HSSCO,High-Speed-Steel-Cobalt
HSSCOPM,High-Speed-Steel-Cobalt-Powdered-Metal
HSSE,High-Speed-Steel---E
HSTYLE,H-Style
HTG,Heating
HTHR,Heather
HTR,Heater
HV,High-Visibility
HVAC,"Heating,-Ventilation-and-Air-Conditioning"
HVIZ,Hi-Viz
HVLP,High-Volume-Low-Pressure
HVY,Heavy
HVYDTY,Heavy-Duty
HVYDUTY,Heavy-Duty
HVYWGHT,Heavyweight
HVYWT,Heavyweight
HWH,Hex-Washer-Head
HX,Hex
HYC,Hycar
HYD,Hydraulic
HYDR,Hydraulic
HYDRAULI,Hydraulic
HYS,Hysol
HZ,Hertz
IBC,Intermediate-Bulk-Container
IBEAM,I-Beam
IC,Insert-IC
IDC,Insulation-Displacement-Connector
IDXIN,ID-x-Inch
IDXOD,ID-x-OD
ILINE,I-Line
ILLUM,Illuminated
IM,Impact
IMC,Intermediate-Metal-Conduit
IMPAC,Impact
IMPCT,Impact
IMPOR,Import
INCAND,Incandescent
INDI,Indicator
INDICAT,Indicator
INDICATO,Indicator
INDIV,Individually
INDL,Industrial
INDOOROUTDOOR,Indoor-Outdoor
INDOUT,Indoor-Outdoor
INDUR,Indura
INDUST,Industrial
INFO,Information
INH,Inhibitor
INHER,Inherent
INID,Inch-ID
ININ,Inch-x-Inch
INL,Inlet---Inline
INLB,Inch-Pound
INLIN,Inline
INLONG,Inch-Long
INNPT,Inch-NPT
INOAL,Inch-Overall-Length
INOUT,Indoor-Outdoor
INOUTDOOR,Indoor-Outdoor
INSENSIT,Insensitive
INSER,Insert
INSHORT,Inch-Short
INSL,Insulated---Insulation
INSLTD,Insulated
INSP,Inspection
INSTR,Instrument---Instruction
INSUL,Insulated
INSULAT,Insulated
INT,Internal
INTERCHANG,Interchangeable
INTERCHNG,Interchange
INTL,International
INTMET,Internal-Metatarsal
INVRT,Inverted
INXIN,Inch-x-Inch
IPA,Isopropyl-Alcohol
IPT,Iron-Pipe-Thread
IR,Infrared
IRN,Iron
ISOB,ISO-B
IWRC,Independent-Wire-Rope-Core
JAJAW,Jaw-and-Jaw
JBBR,Jobber
JBR,Jobber
JCKT,Jacket
JHOOK,J-Hook
JKT,Jacket
JL,Jobber-Length
JLGP,Jobber-Length-General-Purpose
JN,Jean
JNT,Joint
JRT,Jumbo-Roll-Tissue
JT,Jett---Joint
JUM,Jumbo
KCMIL,Thousand-Circular-Mils
KCUP,K-Cup
KENNAME,Kennametal
KEV,Kevlar
KEVL,Kevlar
KEVLA,Kevlar
KEVLARSILICA,Kevlar-Silica
KEVLR,Kevlar
KEYEDCU,Keyed-Copper
KEYSTN,Keystone
KH,Khaki
KHAK,Khaki
KLEENGRD,KleenGuard
KNEEPADS,Knee-Pads
KPA,Kilopascal
KT,Kit
KTIP,K-Tip
KTYPE,K-Type
KVLR,Kevlar
KVLRNMX,Kevlar-Nomex
KWIK,Quick
KWRST,Knit-Wrist
KWY,Keyway
LABCOAT,Lab-Coat
LABLS,Labels
LACEUP,Lace-Up
LADSAF,Lad-Saf
LANYD,Lanyard
LARG,Large
LATCHONR,Latch-On
LATX,Latex
LAYFLAT,Lay-Flat
LBLUE,Light-Blue
LBS,Pounds
LCD,Liquid-Crystal-Display
LCK,Lock---Locking
LCKING,Locking
LCKNG,Locking
LDCNTR,Load-Center
LDPE,Low-Density-Polyethylene
LDR,Ladder
LEADFREE,Lead-Free
LEATHR,Leather
LEL,Lower-Explosive-Limit
LENGT,Length
LETB,Letter-B
LETC,Letter-C
LETD,Letter-D
LETF,Letter-F
LETG,Letter-G
LETH,Letter-H
LETI,Letter-I
LETJ,Letter-J
LETK,Letter-K
LETL,Letter-L
LETM,Letter-M
LETP,Letter-P
LETQ,Letter-Q
LETR,Letter-R
LETS,Letter-S
LETU,Letter-U
LETV,Letter-V
LETW,Letter-W
LETX,Letter-X
LETY,Letter-Y
LETZ,Letter-Z
LFMC,Liquidtight-Flexible-Metal-Conduit
LFT,Left
LGE,Large
LGHT,Light
LGTH,Length
LGXL,Large-Extra-Large
LH,Left-Hand
LHRP,Long-Handle-Round-Point
LIFTSPREADER,Lift-Spreader
LIGHTHEAVY,Light-Heavy
LIION,Lithium-Ion
LINEUP,Line-Up
LIQ,Liquid
LIQTIGHT,Liquid-Tight
LIQTITE,Liquid-Tight
LIQUIDTIGH,Liquidtight
LITHION,Lithium-Ion
LITHIUMION,Lithium-Ion
LJ,LaserJet
LK,Lock
LKEY,L-Key
LKG,Locking
LKNT,Locknut
LKNUT,Locknut
LMP,Lamp
LMPHLDR,Lampholder
LMYLW,Lime-Yellow
LND,Lined
LNG,Long
LNGTH,Length
LNR,Liner
LNS,Lens
LNTH,Length
LOCKON,Lock-On
LOCKWASHER,Lock-Washer
LOTO,Lockout-Tagout
LOWPEAK,Low-Peak
LOWPRO,Low-Profile
LOWPROFILE,Low-Profile
LOWTORQUE,Low-Torque
LOWVOLTAGE,Low-Voltage
LPD,Low-Pressure-Drop
LPM,Liters-Per-Minute
LRG,Large
LS,Long-Sleeve
LSE,Loose
LSFR,Long-Sleeve-FR
LSHAPE,L-Shape
LSHAPED,L-Shaped
LTCH,Latch---Latching
LTH,Leather
LTHR,Leather
LTRS,Letters
LTTR,Letter
LTWEIGHT,Lightweight
LTWT,Lightweight
LTX,Latex
LTYPE,L-Type
LUB,Lubricant---Lubrication
LUGNUT,Lug-Nut
LVL,Level
LVR,Lever
LWRENCH,L-Wrench
LWRS,Low-Rise
MACH,Machine
MACHSCREW,Machine-Screw
MAGNETI,Magnetic
MAIR,Multi-Air
MAK,Makita
MALEFEM,Male-Female
MALLEAB,Malleable
MANDRE,Mandrel
MAPP,MAPP-gas
MARKG,Marking
MATL,Material
MBSPP,Male-BSPP
MCH,Machine
MD,Medium
MDL,Model
MDWT,Midweight
MECH,Mechanic---Mechanical
MECHAN,Mechanical-Mechanic
MECHANICFTS,Mechanics
MEDIU,Medium
MEDLG,Medium-Large
MEDM,Medium
MEDS,Medications
MENFTS,Mens
MERV,Minimum-Efficiency-Reporting-Value
MESHSOLID,Mesh-Solid
METAG,Metguard
METBOX,Metal-Box
METG,Metguard
METGD,Metguard
METR,Metric
METRC,Metric
MFF,Microfinishing-Film
MFG,Manufacturing
MFWL,Metal-Finishing-Wheel
MGA,Magenta
MGMT,Management
MGNTC,Magnetic
MH,Metal-Halide
MICROBIA,Microbial
MICROF,Microfoam---Microfiber
MIDCUT,Mid-Cut
MIGTIG,MIG-TIG
MINILP,Mini-Low-Peak
MIP,Male-Iron-Pipe
MIRR,Mirror
MISC,Miscellaneous
MJIC,Male-JIC
MJICFPIPE,Male-JIC-to-Female-Pipe
MJICMJIC,Male-JIC-x-Male-JIC
MJICMPIPE,Male-JIC-to-Male-Pipe
MKER,Marker
ML,Milliliter
MLBL,Malleable
MLE,Male
MLT,Multi
MLW,Milwaukee
MM,Millimeter
MMR,Mirror
MNPT,Male-National-Pipe-Thread
MNPTF,Male-National-Pipe-Thread-Fuel
MNS,Mens
MNST,Male-NST
MNT,Mount
MNTD,Mounted
MNTG,Mounting
MODACR,Modacrylic
MODBOTT,Modified-Bottoming
MOM,Momentary
MOQ,Minimum-Order-Quantity
MORB,Male-O-Ring-Boss
MORBFORB,Male-O-Ring-Boss-to-Female-O-Ring-Boss
MORBNPSMSW,Male-O-Ring-Boss-to-NPSM-Swivel
MORFS,Male-O-Ring-Face-Seal
MOTORMALEDOUBLE,Motor-Male-Double
MOUN,Mount
MPIPE,Male-Pipe
MPIPENPSM,Male-Pipe-to-NPSM
MPT,Male-Pipe-Thread
MPTXIN,MPT-x-Inch
MRKG,Marking
MRKR,Marker
MRO,"Maintenance,-Repair-and-Operations"
MRR,Mirror
MSDS,Material-Safety-Data-Sheet
MSERIES,M-Series
MSH,Mesh
MSNRY,Masonry
MSTR,Master
MTD,Mounted
MTL,Metal
MTO,Made-To-Order
MTRC,Metric
MTS,Morse-Taper-Shank
MTYP,M-Type
MULTIBIT,Multi-Bit
MULTIFIT,Multi-Fit
MULTIFL,Multi-Flute
MULTIFLT,Multi-Flute
MULTIFUNCTION,Multi-Function
MULTIHAZ,Multi-Hazard
MULTIHOLE,Multi-Hole
MULTIMATERIAL,Multi-Material
MULTIPROCESS,Multi-Process
MULTIPURP,Multi-Purpose
MULTITOOL,Multi-Tool
MULTIUSE,Multi-Use
MXF,Male-x-Female
NAILIN,Nail-In
NAS,National-Aerospace-Standard
NATL,Natural
NAV,Navy
NBLU,Navy-Blue
NC,National-Coarse
NEEDL,Needle
NEG,Negative
NEONYLON,Neoprene-Nylon
NEOP,Neoprene
NEOPR,Neoprene
NEOPREN,Neoprene
NEUT,Neutralizer
NEWHIRE,New-Hire
NF,National-Fine
NFLD,Newfoundland
NFPA,National-Fire-Protection-Association
NICAD,Nickel-Cadmium
NICD,Nickel-Cadmium
NICH,Nicholson
NICKELPLATED,Nickel-Plated
NIMH,Nickel-Metal-Hydride
NIOSH,National-Institute-for-Occupational-Safety-and-Health
NIST,National-Institute-of-Standards-and-Technology
NITKEV,Nitrile-Kevlar
NITR,Nitrile
NITRIL,Nitrile
NITRL,Nitrile
NITRLE,Nitrile
NLGI,National-Lubricating-Grease-Institute
NMX,Nomex
NOM,Nominal
NOMEXKEVLAR,Nomex-Kevlar
NONANSI,Non-ANSI
NONASPIRIN,Non-Aspirin
NONCHLOR,Non-Chlorinated
NONCHLORINATED,Non-Chlorinated
NONIND,Non-Indicating
NONINS,Non-Insulated
NONINSUL,Non-Insulated
NONINSULATED,Non-Insulated
NONMARRING,Non-Marring
NONMET,Non-Metallic
NONRAT,Non-Ratcheting
NONREL,Non-Relieved
NONRELIEVED,Non-Relieved
NONREV,Non-Reversing
NONSPARK,Non-Sparking
NONSTD,Non-Standard
NONSTERILE,Non-Sterile
NONSTRL,Non-Sterile
NONVAC,Non-Vacuum
NONVACUUM,Non-Vacuum
NONVENT,Non-Vented
NONVENTED,Non-Vented
NONWOVEN,Non-Woven
NOVENT,Non-Vented
NOZZ,Nozzle
NPL,Nipple
NPR,Neoprene
NPRN,Neoprene
NPS,National-Pipe-Straight
NPSF,National-Pipe-Straight-Fuel
NPSH,National-Pipe-Straight-Hose
NPSM,National-Pipe-Straight-Mechanical
NPT,National-Pipe-Thread
NPTF,National-Pipe-Thread-Fuel
NPTM,National-Pipe-Thread-Male
NR,Natural-Rubber
NRR,Noise-Reduction-Rating
NRTL,Nitrile
NRW,Narrow
NSE,Nose
NTRD,Nitrided
NTRL,Nitrile
NTRLE,Nitrile
NUIS,Nuisance
NUM,Number
NUTDR,Nut-Driver
NVY,Navy
NWN,Non-Woven
NY,Nylon
NYL,Nylon
NYLN,Nylon
NYLO,Nylon
NYLONINSULATED,Nylon-Insulated
OAL,Overall-Length
OEM,Original-Equipment-Manufacturer
OFFST,Offset
OFFWHITE,Off-White
OFS,O-Ring-Face-Seal
OHSRVC,Overhead-Service
OILBASED,Oil-Based
OILBLO,Oilbloc
OILGAS,Oil-and-Gas
OILGRAIN,Oil-Grain
OILONLY,Oil-Only
ONEHOLE,One-Hole
ONETOUCH,One-Touch
ONOFF,On-Off
ONOFFON,On-Off-On
OPENEND,Open-End
OPER,Operator
OPNG,Opening
OPS,Operations
ORFS,O-Ring-Face-Seal
ORFSISO,O-Ring-Face-Seal-ISO
ORG,Orange
ORGBLK,Orange-Black
ORGNVY,Orange-Navy
ORGRED,Orange-Red
ORGSLV,Orange-Silver
ORGTAN,Orange-Tan
ORIG,Original
ORING,O-Ring
ORINGS,O-Rings
ORN,Orange
ORNG,Orange
ORNSIL,Orange-Silver
ORRED,Orange-Red
OSEAM,Out-Seam
OSHA,Occupational-Safety-and-Health-Administration
OTG,Over-The-Glass
OV,Organic-Vapor
OVAG,Organic-Vapor-Acid-Gas
OVERAL,Overall
OVERLAM,Overlaminate
OVERPANT,Over-Pant
OVRALL,Overall
OXFD,Oxford
OXID,Oxide
OXYACE,Oxy-Acetylene
PALMBACK,Palm-Back
PAPR,Powered-Air-Purifying-Respirator
PARAARAMID,Para-Aramid
PARAB,Parabolic
PARB,Parabolic
PARGRV,Parallel-Groove
PARTIC,Particulate
PATT,Pattern
PBIKEVLAR,PBI-Kevlar
PCD,Polycrystalline-Diamond
PCE,Piece
PCKT,Pocket
PCKTS,Pockets
PCOAT,Palm-Coated
PCS,Pieces
PCSCART,Pieces-per-Carton
PEELOFF,Peel-Off
PEHIGH,PE-High
PERFED,Perforated
PERFORMAN,Performance
PETG,Polyethylene-Terephthalate-Glycol
PETRO,Petroleum
PEX,Cross-Linked-Polyethylene
PF,Powder-Free
PFA,Perfluoroalkoxy
PFAB,Prefabricated
PFD,Personal-Flotation-Device
PFL,Personal-Fall-Limiter
PFMCE,Performance
PHILLIPSR,Phillips
PHL,Phillips
PHOSBRNZ,Phosphor-Bronze
PHP,Phillips-Pan-Head
PICTO,Pictogram
PIGSKN,Pigskin
PIPEMARKER,Pipe-Marker
PIPESTRT,Pipe-Straight
PK,Pack
PKD,Packed
PKGD,Packaged
PKING,Packing
PKOUT,Packout
PKS,Packs
PKTS,Packets
PL,Plug
PLAS,Plastic
PLAST,Plastic
PLASTC,Plastic
PLATFM,Platform
PLBG,Plumbing
PLD,Plated
PLG,Plug
PLM,Palm
PLN,Plain
PLNTOE,Plain-Toe
PLR,Plier
PLST,Plastic
PLSTC,Plastic
PLTD,Plated
PLUGCAP,Plug-Cap
PLUGIN,Plug-In
PLYSTR,Polyester
PM,Powdered-Metal
PMP,Pump
PNCH,Punch
PNEU,Pneumatic
PNEUM,Pneumatic
PNL,Panel
PNT,Point
PNTS,Pants
POCKE,Pocket
POLTHN,Polyethylene
POLYBAG,Poly-Bag
POLYC,Polycarbonate
POLYCARB,Polycarbonate
POLYCOTTNAVY,Poly-Cotton-Navy
POLYCOTTON,Poly-Cotton
POLYCTTN,Poly-Cotton
POLYE,Polyester---Polyethylene
POLYEST,Polyester
POLYETHYLEN,Polyethylene
POLYFILL,Poly-Fill
POLYMASK,Poly-Mask
POLYPRO,Polypropylene
POLYPROP,Polypropylene
POLYPROPYL,Polypropylene
POLYPU,Poly-Polyurethane
POLYPVC,Poly-PVC
POLYSTR,Polyester
POLYU,Polyurethane
POLYURETH,Polyurethane
POPUP,Pop-Up
PORONXRD,Poron-XRD
PORTABL,Portable
POS,Position---Positioning
POSI,Positive
POSTIT,Post-it
POWDERFREE,Powder-Free
POWRMRK,PowerMark
POZI,Pozidriv
POZIDRIVR,Pozidriv
PP,Polypropylene
PPE,Personal-Protective-Equipment
PPM,Parts-Per-Million
PPR,Paper
PR,Pair
PRCSN,Precision
PREC,Precision
PREM,Premium
PREPRINTED,Pre-Printed
PRES,Pressure
PRESATURATED,Pre-Saturated
PRESPACED,Pre-Spaced
PRFCOIL,Proof-Coil
PRFT,Perfect
PRI,Primary
PRM,Premium
PROFLW,ProFlow
PROOFCOIL,Proof-Coil
PROT,Protective
PROTECTIV,Protective
PROTECTR,Protector
PROX,Proximity
PRP,Purpose
PRPL,Purple
PRS,Press
PRSR,Pressure
PRSSR,Pressure
PRT,Print---Printed
PRTCTN,Protection
PRTCTR,Protector
PRTCTV,Protective
PRYBAR,Pry-Bar
PS,Pressure-Sensitive
PSA,Pressure-Sensitive-Adhesive
PSTN,Piston
PSTYLE,P-Style
PSV,Passive
PT,Point
PTCH,Pitch
PTD,Pointed
PTED,Pointed
PTFE,Polytetrafluoroethylene
PTT,Push-To-Talk
PULLON,Pull-On
PUNCHCHISEL,Punch-Chisel
PUNCHDIE,Punch-Die
PURK,Purple-K
PURP,Purpose
PURPL,Purple
PUSHIN,Push-In
PUSHPULL,Push-Pull
PV,Photovoltaic
PVA,Polyvinyl-Alcohol
PVC,Polyvinyl-Chloride
PVCNITR,PVC-Nitrile
PVCNITRILE,PVC-Nitrile
PVCNYL,PVC-Nylon
PVCNYLON,PVC-Nylon
PVCNYLPVC,PVC-Nylon-PVC
PVCPOLY,PVC-Polyester
PVCPOLYBLEND,PVC-Poly-Blend
PVCPOLYPVC,PVC-Poly-PVC
PVD,Physical-Vapor-Deposition
PWDFR,Powder-Free
PWDFRE,Powder-Free
PWDR,Powder
PWDRED,Powdered
PWR,Power
PWRFLX,PowerFlex
PWRMRK,PowerMark
PZ,Polarized
QCK,Quick
QCKCHG,Quick-Change
QCLEG,Quick-Connect-Leg
QCLS,Quick-Connect-Leg-Straps
QCON,Quick-Connect
QD,Quick-Disconnect---QD-bushing
QK,Quick
QLOKS,Q-Loks
QR,Quick-Release
QT,Quart
QTY,Quantity
QUICKCHANGE,Quick-Change
QUICKCONNECT,Quick-Connect
QUILTD,Quilted
RADIALDEEP,Radial-Deep
RAINJACKET,Rain-Jacket
RAINPANT,Rain-Pant
RATCHE,Ratchet
RATCHTIN,Ratcheting
RATG,Ratcheting
RB,Resin-Bond
RBBR,Rubber
RBR,Rubber
RC,Retaining-Compound
RCH,Reach
RCHT,Ratchet
RCPT,Receptacle
RDY,Ready
RECEP,Receptacle
RECHARG,Rechargeable
RECI,Reciprocating
RECIP,Reciprocating
RECIPROCAT,Reciprocating
RECLOS,Reclosable
RECLOSABL,Reclosable
RECLOSEABLE,Reclosable
RECPT,Receptacle
REDBLACK,Red-Black
REDBLK,Red-Black
REDCR,Reducer
REDGRY,Red-Gray
REDUC,Reducing
REDUCG,Reducing
REDWHITE,Red-White
REFIL,Refill
REFL,Reflective
REFLEC,Reflective
REFRIG,Refrigeration
REINF,Reinforced
REINFCED,Reinforced
REINFORC,Reinforced
REINFRC,Reinforced
REM,Remover
REMV,Remover
REPL,Replacement
REPLC,Replacement
REPLCMNT,Replacement
REQ,Required
RES,Resistant
RESIS,Resistant
RESISTAN,Resistant
RESPIRATO,Respirator
RETHRD,Rethreading
RETR,Retractable
RETRAC,Retractable
REUS,Reusable
RFID,Radio-Frequency-Identification
RFL,Refill
RFLCTV,Reflective
RGDIMC,Rigid-IMC
RGH,Rough
RGLT,Regalite
RGT,Right
RH,Right-Hand
RHC,Right-Hand-Cut
RHMS,Round-Head-Machine-Screw
RHS,Right-Hand-Spiral
RHSF,Right-Hand-Spiral-Flute
RIV,Riveted---Rivet
RLLR,Roller
RLSCS,Rolls-per-Case
RLX,Relaxed
RLXD,Relaxed
RMR,Reamer
RMS,Root-Mean-Square
RMVL,Removal
RND,Round
RNF,Reinforced
RNG,Ring
ROHS,Restriction-of-Hazardous-Substances
ROLLR,Roller
ROLLUP,Roll-Up
ROS,Random-Orbital-Sander
ROUG,Roughing
ROUGHFINISH,Rough-Finish
RPLC,Replacement
RPLCMNT,Replacement
RPM,Revolutions-Per-Minute
RPR,Repair
RSC,Regular-Slotted-Container
RSD,Raised
RSE,Rise
RSED,Raised
RSQ,Rescue
RSS,Resistant
RSST,Resistant
RST,Resistant
RTCH,Ratchet
RTCHT,Ratchet
RTCHTIN,Ratcheting
RTCHTN,Ratcheting
RTCHTNG,Ratcheting
RTK,Right-To-Know
RTR,Rotor
RTU,Ready-To-Use
RTV,Room-Temperature-Vulcanizing
RUBR,Rubber
RUF,Roughing
RVRSBL,Reversible
RVS,Reversible
RVSBL,Reversible
RW,Row
RYL,Royal
SAEMET,SAE-Metric
SAEMETRIC,SAE-Metric
SALTPEPPER,Salt-and-Pepper
SANI,Sanitary---Sanitizer
SAWBLADE,Saw-Blade
SBOT,Semi-Bottoming
SC,Solid-Carbide
SCARB,Solid-Carbide
SCBA,Self-Contained-Breathing-Apparatus
SCDR,Surface-Conditioning-Disc-Roloc
SCH,Schedule
SCHED,Schedule
SCHR,Schrader
SCKT,Socket
SCLASS,S-Class
SCOTCHLOKBLOCK,Scotchlok-Block
SCOTCHLOKFEMALE,Scotchlok-Female
SCOTCHLOKLOCKING,Scotchlok-Locking
SCOTCHR,Scotch
SCRDRVR,Screwdriver
SCREWDRVR,Screwdriver
SCREWGUN,Screw-Gun
SCREWIN,Screw-In
SCREWON,Screw-On
SCRN,Screen
SCRPR,Scraper
SCRWDR,Screwdriver
SCRWDRVR,Screwdriver
SCT,Scratch
SCTCH,Scotch
SCW,Screw
SDRIVER,Screwdriver
SDSMAX,SDS-Max
SDSPLUS,SDS-Plus
SEAMLES,Seamless
SEL,Selector
SELEC,Selection
SELFADHESIVE,Self-Adhesive
SELFCONTAINED,Self-Contained
SELFDRILL,Self-Drilling
SELFEED,Self-Feed
SELFLAM,Self-Laminating
SELFRETRACTING,Self-Retracting
SELFSTICK,Self-Stick
SEMIBOT,Semi-Bottoming
SEMIBOTT,Semi-Bottoming
SEMIBTM,Semi-Bottoming
SEMIGLOSS,Semi-Gloss
SENS,Sensor
SEP,Separate
SEPA,Separator
SERV,Service
SERVIC,Service
SFN,Super-Fine
SFTY,Safety
SGL,Single
SGN,Sign
SHAL,Shallow
SHC,Socket-Head-Cap
SHCKL,Shackle
SHCS,Socket-Head-Cap-Screw
SHIR,Shirt
SHK,Shank
SHKL,Shackle
SHL,Shell
SHLDR,Shoulder
SHLG,Shoulder
SHLLW,Shallow
SHNK,Shank
SHOCKWAVET,Shockwave
SHP,Shape
SHR,Shrink
SHRK,Shrink
SHRNK,Shrink
SHRT,Shirt
SHV,Sheave
SIDEWIRE,Side-Wire
SILIC,Silicone
SILICN,Silicon---Silicone
SILV,Silver
SINGL,Single
SINGLEENDED,Single-Ended
SINT,Sintered
SIZ,Size
SKT,Socket
SKTTOOL,Socket-Tool
SLDRLS,Solderless
SLEEVETM,Sleeve
SLF,Self
SLFSTCK,Self-Sticking
SLGGIN,Slugging
SLIPJOINT,Slip-Joint
SLIPON,Slip-On
SLM,Slim
SLNG,Sling
SLNT,Sealant
SLOBLO,Slo-Blo
SLOTPHIL,Slotted-Phillips
SLT,Slotted
SLTD,Slotted
SLTN,Solution
SLV,Sleeve
SLVE,Sleeve
SLVR,Silver
SLVS,Sleeves
SMD,Surface-Mount-Device
SMK,Smoke
SML,Small
SMLS,Seamless
SMMED,Small-Medium
SMO,Smooth
SMTH,Smooth
SNAPHOOK,Snap-Hook
SNAPRING,Snap-Ring
SND,Sand---Sanding
SNDR,Sander
SNG,Single
SNGL,Single
SNGLE,Single
SNP,Snap
SNPFLY,Snap-Fly
SNSR,Sensor
SOCKE,Socket
SOCKT,Socket
SPCL,Special
SPDGLS,Speedglas
SPDGRPDSCIN,Speed-Grip-Disc-Inch
SPDLK,Speed-Lok
SPDLOK,Speed-Lok
SPDT,Single-Pole-Double-Throw
SPECIA,Special
SPEEDB,Speedbor
SPFLT,Spiral-Flute
SPINDL,Spindle
SPINON,Spin-On
SPIRA,Spiral
SPKT,Sprocket
SPLBK,Split-Back
SPLC,Splice
SPLI,Splice---Split
SPLIC,Splice
SPLN,Spline
SPLT,Split
SPN,Spanner
SPNR,Spanner
SPONGECT,Spongecote
SPPT,Spiral-Point
SPR,Spring
SPRG,Spring
SPRINGTYPE,Spring-Type
SPRL,Spiral
SPRLPT,Spiral-Point
SPRNG,Spring
SPST,Single-Pole-Single-Throw
SPWD,Spiral-Wound
SQ,Square
SQD,Square-D
SQDR,Square-Drive
SQHD,Square-Head
SQZ,Squeeze
SRBNT,Sorbent
SRL,Self-Retracting-Lifeline
SRT,Short
SRVS,Servus
SS,Stainless-Steel
SSBRASS,Stainless-Steel-Brass
SSCR,Set-Screw
SSSF,Straight-Shank-Straight-Flute
SSSTEEL,Stainless-Steel
SST,Stainless-Steel
STABLZR,Stabilizer
STACKIN,Stacking
STAINLES,Stainless
STAKONS,Sta-Kons
STANDA,Standard
STANDAR,Standard
STANDARDQD,Standard-QD
STANDUP,Stand-Up
STAT,Static
STBY,Stubby
STD,Standard
STDBRL,Standard-Barrel
STEELBLK,Steel-Black
STEELPLATE,Steel-Plate
STEMMNT,Stem-Mounted
STEMMOUNTED,Stem-Mounted
STFL,Straight-Flute
STGHT,Straight
STICKE,Sticker
STICKON,Stick-On
STIKT,Stikit
STKBL,Stackable
STKIT,Stikit
STL,Steel
STLK,Straight-Link
STM,Stem
STND,Standard
STNDRD,Standard
STNLS,Stainless
STNLSS,Stainless
STNRD,Standard
STOR,Storage
STP,Stripe
STRAIG,Straight
STRAIGH,Straight
STRAPON,Strap-On
STRCH,Stretch
STRG,Strong---Strength
STRGHT,Straight
STRIPINGPOCKET,Striping-Pocket
STRL,Sterile
STRNG,String---Stringer
STRNGTH,Strength
STRT,Straight
STRTCF,Straight-Cuff
STRTCH,Stretch
STRUCT,Structural
STSP,Steel-Toe-Steel-Plate
STSPESR,Steel-Toe-Steel-Plate-ESR
STSS,Steel-Toe-Steel-Shank
STSTEEL,Stainless-Steel
STT,Stop-Tail-Turn
STYL,Style
SUPERBNDR,Superbonder
SUPERCOMBO,Super-Combination
SUPERV,Supervisor
SUPR,Super
SUPRT,Support
SURFAC,Surface
SUSP,Suspension
SVC,Service
SVL,Swivel
SWI,Swivel
SWITC,Switch
SWIV,Swivel
SWIVE,Swivel
SWIVL,Swivel
SWL,Swivel
SWTSHRT,Sweatshirt
SWV,Swivel
SWVL,Swivel
SX,Socket
SXF,Socket-x-Female
SXL,Small-Extra-Large
SXS,Socket-x-Socket
SXSXS,Socket-x-Socket-x-Socket
SYN,Synthetic
SYNTH,Synthetic
SYS,System
SZE,Size
TAK,Tack
TAKEUP,Take-Up
TAPBOT,Tap-Bottoming
TAPDIE,Tap-and-Die
TAPERULE,Tape-Rule
TAPSET,Tap-Set
TAPTPR,Tap-Taper
TBAR,T-Bar
TBE,Threaded-Both-Ends
TBLS,Tongue-Buckle-Leg-Straps
TBOLT,T-Bolt
TCG,Triple-Chip-Grind
TCT,Tungsten-Carbide-Tipped
TEARAWA,Tearaway
TEAROFF,Tear-Off
TEF,Teflon
TEFC,Totally-Enclosed-Fan-Cooled
TEMPERD,Tempered
TEMPL,Temple
TENAC,Tenactiv
TENACT,Tenactiv
TENACTI,Tenactiv
TERMINA,Terminal
TERRYCLOTH,Terry-Cloth
TESTPT,Test-Point
TETHERREADY,Tether-Ready
TFE,Tetrafluoroethylene
TFMR,Transformer
TGHSTRP,ToughStripe
THANDLE,T-Handle
THD,Thread---Threaded
THDL,T-Handle
THEAD,T-Head
THERMA,Thermal
THERMMAG,Thermal-Magnetic
THINS,Thinsulate
THINWALL,Thin-Wall
THK,Thick---Thickness
THMB,Thumb
THN,Thin
THNDL,T-Handle
THR,Thread
THRD,Thread
THRDED,Threaded
THRDING,Threading
THRDON,Thread-On
THREADMILL,Thread-Mill
THREADON,Thread-On
THREEMITE,Three-M-ite
THRML,Thermal
THRU,Through
THRUHARDENED,Through-Hardened
THUMBSLOT,Thumb-Slot
TIAL,TiAlN
TIALN,Titanium-Aluminum-Nitride
TICN,Titanium-Carbonitride
TIEDOWN,Tie-Down
TIEON,Tie-On
TIMEDELAY,Time-Delay
TINPLTD,Tin-Plated
TINTIP,TiN-Tip
TKEY,T-Key
TMPL,Temple
TMPLS,Temples
TMPR,Tamper
TN,Titanium-Nitride
TNG,Tongue
TNUT,T-Nut
TOOLBIT,Tool-Bit
TORQ,Torque
TORQSE,Torq-Set
TORXR,Torx
TOUCHUP,Touch-Up
TP,Top
TPL,Triple
TPR,Taper
TPRD,Tapered
TPRPLGBTM,Taper-Plug-Bottom
TPU,Thermoplastic-Polyurethane
TQ,Torque
TQR,Torque
TRANSFR,Transfer
TRICLAMP,Tri-Clamp
TRIPOLYMER,Tri-Polymer
TRMNL,Terminal
TRMS,True-RMS
TRNSFR,Transfer
TRNSFRMR,Transformer
TRNSPT,Transport
TRX,Torx
TSH,T-Shirt
TSHANK,T-Shank
TSHAPE,T-Shape
TSHIRT,T-Shirt
TSLOT,T-Slot
TSP,Teaspoon---TSP
TUBEFEM,Tube-to-Female
TUBEMORB,Tube-to-Male-O-Ring-Boss
TUBEMPIPE,Tube-to-Male-Pipe
TUBETUBE,Tube-to-Tube
TUBINGHEAT,Tubing-Heat
TUNEUP,Tune-Up
TURNI,Turning
TURNLOCK,Turn-Lock
TURNUT,Turn-Nut
TURQ,Turquoise
TWINLEG,Twin-Leg
TWISTLOCK,Twist-Lock
TWOIN,Two-in-One
TWOTONE,Two-Tone
TWST,Twisted
TWT,Twisted
TXTRD,Textured
TYP,Type
TYPEA,Type-A
TYPIA,Type-IA
TYVE,Tyvek
UBOLT,U-Bolt
UHMW,Ultra-High-Molecular-Weight
ULC,Underwriters-Laboratories-of-Canada
ULT,Ultra
ULTR,Ultra
ULTRACNTNMNT,Ultra-Containment
ULTRAFINE,Ultra-Fine
ULTRALT,Ultralight
ULTRSOFT,Ultrasoft
ULTSFT,UltraSoft
UNC,Unified-National-Coarse
UNCRD,Uncorded
UNF,Unified-National-Fine
UNFIN,Unfinished
UNIF,Uniform
UNIFM,Uniform
UNINSUL,Uninsulated
UNIV,Universal
UNIVER,Universal
UNIVRSL,Universal
UNL,Unlined
UNLND,Unlined
UNSUP,Unsupported
UNSUPP,Unsupported
UNSUPPORT,Unsupported
UNSX,Unisex
UNTZD,Unitized
UNV,Universal
UNVRSL,Universal
UPS,Uninterruptible-Power-Supply
URET,Urethane
URETH,Urethane
USHANK,U-Shank
USMETRIC,US-Metric
USP,United-States-Pharmacopeia
UTIL,Utility
UTILIT,Utility
UTL,Utility
UTLTY,Utility
UTP,Unshielded-Twisted-Pair
UV,Ultraviolet
VALV,Valve
VAP,Vapor
VBE,V-Belt
VBELT,V-Belt
VCI,Volatile-Corrosion-Inhibitor
VELCR,Velcro
VENDPACK,Vend-Pack
VF,Very-Fine
VFINE,Very-Fine
VFN,Very-Fine
VG,Viscosity-Grade
VGD,V-Gard
VGRD,V-Gard
VGROOVE,V-Groove
VHB,Very-High-Bond
VIB,Vibration
VIBR,Vibration
VIN,Vinyl
VINL,Vinyl
VISC,Viscosity
VIZ,Visibility
VJAW,V-Jaw
VLTG,Voltage
VLV,Valve
VND,Vend
VNOTCH,V-Notch
VNT,Vented
VNTD,Vented
VNTG,Vintage
VNYL,Vinyl
VOC,Volatile-Organic-Compound
VPVR,VP-VR
VRSFL,Versaflo
VSECTION,V-Section
VSERIES,V-Series
VSHCK,V-Shock
VSHOCK,V-Shock
VSR,Variable-Speed-Reversible
VST,Vest
VTEC,V-TEC
VYL,Vinyl
WALLPLATE,Wall-Plate
WASHR,Washer
WATERACT,Water-Activated
WATERPRF,Waterproof
WATERPROO,Waterproof
WB,Water-Based
WD,Wood
WEIG,Weight
WETDRY,Wet-Dry
WETORDRY,Wet-or-Dry
WGHT,Weight
WGT,Weight
WHL,Wheel
WHLS,Wheels
WHMIS,Workplace-Hazardous-Materials-Information-System
WHSE,Warehouse
WHT,White
WHTBLK,White-Black
WHTCLR,White-Clear
WHTE,White
WHTGRN,White-Green
WHTGRY,White-Gray
WHTRED,White-Red
WHTWHT,White-White
WIDEMOUTH,Wide-Mouth
WIREMESH,Wire-Mesh
WITHOU,Without
WK,Work
WLD,Welding
WLDNG,Welding
WLDRS,Welders
WLL,Working-Load-Limit
WMN,Women
WMNS,Womens
WMS,Womens
WOMENFTS,Womens
WORKBOOT,Work-Boot
WORKIN,Working
WORKLIGHT,Work-Light
WORKSHIRT,Work-Shirt
WORKSHOE,Work-Shoe
WP,Weatherproof
WRANK,Wrist-and-Ankle
WRCH,Wrench
WRENC,Wrench
WRITEON,Write-On
WRK,Work
WRKHRS,Workhorse
WRKHRSE,Workhorse
WRNCH,Wrench
WROT,Wrought
WRP,Wrap
WRSANK,Wrist-and-Ankle
WRST,Wrist
WRSTANK,Wrist-and-Ankle
WST,Waist
WSTRN,Western
WTHR,Weather
WTPF,Waterproof
WTPRF,Waterproof
WTR,Water
WTRPRF,Waterproof
WTRPROF,Waterproof
WXIN,Width-x-Inch
XAM,X-am
XBACK,X-Back
XCL,Extra-Close
XCLOSE,Extra-Close
XCS,Extra-Coarse
XFINE,Extra-Fine
XFORMER,Transformer
XHARD,Extra-Hard
XHBLK,Extra-Heavy-Black
XHD,Extra-Heavy-Duty
XHEAVY,Extra-Heavy
XHVY,Extra-Heavy
XL,Extra-Large
XLARGE,Extra-Large
XLG,Extra-Large
XLONG,Extra-Long
XLR,Extra-Large-Regular
XLRG,Extra-Large
XLS,Extra-Large-Short
XLUW,XL-Unitized-Wheel
XS,Extra-Small
XSM,Extra-Small
XSMALL,Extra-Small
XSTR,Extra-Strength
XSTYLE,X-Style
XTHICK,Extra-Thick
XTNSN,Extension
XTR,Extra
XTRA,Extra
XTRM,Extreme
XTRNL,External
XWEIGHT,X-Weight
XWT,X-Weight
XXL,Double-Extra-Large
XXLARGE,Double-Extra-Large
XXLG,Double-Extra-Large
XXLT,Double-Extra-Large-Tall
XXXLARGE,Triple-Extra-Large
YD,Yard
YDS,Yards
YEL,Yellow
YELBLK,Yellow-Black
YELLO,Yellow
YF,YF-weight
YFWGT,YF-Weight
YL,Yellow
YLBLK,Yellow-Black
YLBLU,Yellow-Blue
YLCHAR,Yellow-Charcoal
YLGR,Yellow-Green
YLGRN,Yellow-Green
YLLW,Yellow
YLSLV,Yellow-Silver
YLW,Yellow
YLWGRN,Yellow-Green
YRN,Yarn
YWL,Yellow
YWLBG,Yellow-Background
ZC,Zinc
ZINCBLUE,Zinc-Blue
ZINCWAX,Zinc-Wax
ZIRC,Zirconia
ZN,Zinc
ZNC,Zinc
ZP,Zinc-Plated
ZPPR,Zipper
ZRN,Zirconium-Nitride
